{
	"info": {
		"_postman_id": "4831cf46-233c-4533-9add-703bdf1e2be2",
		"name": "final_project_021_roy",
		"schema": "https://schema.getpostman.com/json/collection/v2.1.0/collection.json"
	},
	"item": [
		{
			"name": "local_api",
			"item": [
				{
					"name": "http://localhost:5000/api/PaymentDetail",
					"request": {
						"method": "GET",
						"header": [],
						"url": {
							"raw": "http://localhost:5000/api/PaymentDetail",
							"protocol": "http",
							"host": [
								"localhost"
							],
							"port": "5000",
							"path": [
								"api",
								"PaymentDetail"
							]
						}
					},
					"response": []
				},
				{
					"name": "http://localhost:5000/api/PaymentDetail/1",
					"protocolProfileBehavior": {
						"disableBodyPruning": true
					},
					"request": {
						"method": "GET",
						"header": [],
						"body": {
							"mode": "raw",
							"raw": ""
						},
						"url": {
							"raw": "http://localhost:5000/api/PaymentDetail/1",
							"protocol": "http",
							"host": [
								"localhost"
							],
							"port": "5000",
							"path": [
								"api",
								"PaymentDetail",
								"1"
							]
						}
					},
					"response": []
				},
				{
					"name": "http://localhost:5000/api/PaymentDetail",
					"request": {
						"method": "POST",
						"header": [],
						"body": {
							"mode": "raw",
							"raw": "{\n    \"paymentDetailId\": 0,\n    \"cardOwnerName\": \"string\",\n    \"cardNumber\": \"string\",\n    \"expirationDate\": \"string\",\n    \"securityCode\": \"string\"\n}",
							"options": {
								"raw": {
									"language": "json"
								}
							}
						},
						"url": {
							"raw": "http://localhost:5000/api/PaymentDetail",
							"protocol": "http",
							"host": [
								"localhost"
							],
							"port": "5000",
							"path": [
								"api",
								"PaymentDetail"
							]
						}
					},
					"response": []
				},
				{
					"name": "http://localhost:5000/api/PaymentDetail Copy",
					"request": {
						"method": "PUT",
						"header": [],
						"body": {
							"mode": "raw",
							"raw": "{\n    \"paymentDetailId\": 4,\n    \"cardOwnerName\": \"ownername\",\n    \"cardNumber\": \"string\",\n    \"expirationDate\": \"string\",\n    \"securityCode\": \"string\"\n}",
							"options": {
								"raw": {
									"language": "json"
								}
							}
						},
						"url": {
							"raw": "http://localhost:5000/api/PaymentDetail/4",
							"protocol": "http",
							"host": [
								"localhost"
							],
							"port": "5000",
							"path": [
								"api",
								"PaymentDetail",
								"4"
							]
						}
					},
					"response": []
				},
				{
					"name": "http://localhost:5000/api/PaymentDetail Copy 2",
					"request": {
						"method": "DELETE",
						"header": [],
						"body": {
							"mode": "raw",
							"raw": "{\n    \"paymentDetailId\": 4,\n    \"cardOwnerName\": \"ownername\",\n    \"cardNumber\": \"string\",\n    \"expirationDate\": \"string\",\n    \"securityCode\": \"string\"\n}",
							"options": {
								"raw": {
									"language": "json"
								}
							}
						},
						"url": {
							"raw": "http://localhost:5000/api/PaymentDetail/4",
							"protocol": "http",
							"host": [
								"localhost"
							],
							"port": "5000",
							"path": [
								"api",
								"PaymentDetail",
								"4"
							]
						}
					},
					"response": []
				}
			]
		},
		{
			"name": "heroku_api",
			"item": [
				{
					"name": "api/PaymentDetail",
					"request": {
						"method": "GET",
						"header": [],
						"url": {
							"raw": "https://payment-api-roy.herokuapp.com/api/PaymentDetail",
							"protocol": "https",
							"host": [
								"payment-api-roy",
								"herokuapp",
								"com"
							],
							"path": [
								"api",
								"PaymentDetail"
							]
						}
					},
					"response": []
				},
				{
					"name": "api/PaymentDetail/1",
					"protocolProfileBehavior": {
						"disableBodyPruning": true
					},
					"request": {
						"method": "GET",
						"header": [],
						"body": {
							"mode": "raw",
							"raw": ""
						},
						"url": {
							"raw": "https://payment-api-roy.herokuapp.com/api/PaymentDetail/1",
							"protocol": "https",
							"host": [
								"payment-api-roy",
								"herokuapp",
								"com"
							],
							"path": [
								"api",
								"PaymentDetail",
								"1"
							]
						}
					},
					"response": []
				},
				{
					"name": "api/PaymentDetail",
					"request": {
						"method": "POST",
						"header": [],
						"body": {
							"mode": "raw",
							"raw": "{\n    \"cardOwnerName\": \"auto_inc\",\n    \"cardNumber\": \"string\",\n    \"expirationDate\": \"string\",\n    \"securityCode\": \"string\"\n}",
							"options": {
								"raw": {
									"language": "json"
								}
							}
						},
						"url": {
							"raw": "https://payment-api-roy.herokuapp.com/api/PaymentDetail",
							"protocol": "https",
							"host": [
								"payment-api-roy",
								"herokuapp",
								"com"
							],
							"path": [
								"api",
								"PaymentDetail"
							]
						}
					},
					"response": []
				},
				{
					"name": "api/PaymentDetail",
					"request": {
						"method": "PUT",
						"header": [],
						"body": {
							"mode": "raw",
							"raw": "{\n    \"paymentDetailId\": 7,\n    \"cardOwnerName\": \"newname\",\n    \"cardNumber\": \"string\",\n    \"expirationDate\": \"string\",\n    \"securityCode\": \"string\"\n}",
							"options": {
								"raw": {
									"language": "json"
								}
							}
						},
						"url": {
							"raw": "https://payment-api-roy.herokuapp.com/api/PaymentDetail/7",
							"protocol": "https",
							"host": [
								"payment-api-roy",
								"herokuapp",
								"com"
							],
							"path": [
								"api",
								"PaymentDetail",
								"7"
							]
						}
					},
					"response": []
				},
				{
					"name": "api/PaymentDetail",
					"request": {
						"method": "DELETE",
						"header": [],
						"body": {
							"mode": "raw",
							"raw": "{\n    \"paymentDetailId\": 4,\n    \"cardOwnerName\": \"ownername\",\n    \"cardNumber\": \"string\",\n    \"expirationDate\": \"string\",\n    \"securityCode\": \"string\"\n}",
							"options": {
								"raw": {
									"language": "json"
								}
							}
						},
						"url": {
							"raw": "http://localhost:5000/api/PaymentDetail/4",
							"protocol": "http",
							"host": [
								"localhost"
							],
							"port": "5000",
							"path": [
								"api",
								"PaymentDetail",
								"4"
							]
						}
					},
					"response": []
				}
			]
		}
	]
}